Titel,Preis,Zustand,Inserat Link
- Nur Artbook - ELDEN RING SHADOW OF THE ERDTREE Sammlerausgabe neu versiegelt,"64,76 ‚Ç¨",Brandneu,https://www.ebay.com/itm/176436468096
Bandai Namco Entertainment Germany GmbH Elden Ring: Shadow of the Erdtree Edi...,"78,46 ‚Ç¨",Brandneu,https://www.ebay.com/itm/266909544696
ELDEN RING (Launch Edition) PlayStation 5 PS5 ,"40,00 ‚Ç¨",Gebraucht,https://www.ebay.com/itm/166910222839
ELDEN RING (Launch Edition) PlayStation 5 PS5 ,"49,00 ‚Ç¨",Gebraucht,https://www.ebay.com/itm/395536413025
ELDEN RING (Launch Edition). PS5. Top Zustand.,"39,99 ‚Ç¨",Gebraucht,https://www.ebay.com/itm/176518759675
ELDEN RING Collectors Edition PS5 NEU/OVP SEALED/UNGE√ñFFNET,"389,99 ‚Ç¨",Brandneu,https://www.ebay.com/itm/405072123218
ELDEN RING RUNES 300M  PS4/PS5,"5,00 ‚Ç¨",Brandneu,https://www.ebay.com/itm/266945080525
ELDEN RING SCHATTEN DES ERDTREE Sammlerausgabe nur Artbook,"67,22 ‚Ç¨",Brandneu,https://www.ebay.com/itm/166871201631
ELDEN RING SCHATTEN DES ERDTREE Sammleredition Statue Messmer nur Figur,"210,40 ‚Ç¨",Brandneu,https://www.ebay.com/itm/355907336314
ELDEN RING SHADOW OF ERDTREE EDITION PS5 PAL ESPA√ëA NUEVO ESPA√ëOL PRECINTADO,"79,90 ‚Ç¨",Brandneu,https://www.ebay.com/itm/193706682865
"ELDEN RING SHADOW OF THE ERDTREE CHEATS, WORLD'S BEST TRAINER, MODS, ITEMS SPAWN","99,99 ‚Ç¨",Brandneu,https://www.ebay.com/itm/266940760658
ELDEN RING SHADOW OF THE ERDTREE PS4 Collector's Edition JP Kostenloser...,"229,66 ‚Ç¨",Brandneu,https://www.ebay.com/itm/285920741093
ELDEN RING SHADOW OF THE ERDTREE PS4 Sammleredition JP kostenloser schneller Versand,"223,56 ‚Ç¨",Brandneu,https://www.ebay.com/itm/285920709406
ELDEN RING Shadow of the Erdtree Premium Bundle ps5,"49,99 ‚Ç¨",Brandneu,https://www.ebay.com/itm/176402287814
ELDEN RING Shadow of the Erdtree Sammleredition Messmer Statue Nur Figur,"181,91 ‚Ç¨",Brandneu,https://www.ebay.com/itm/296551797511
ELDEN RING | Arm of Malenia | Official Life-Size Replica / 3500 PRE-ORDER,"770,00 ‚Ç¨",Brandneu,https://www.ebay.com/itm/315512551907
"Elden Ring (PS4, 2022)","42,00 ‚Ç¨",Gebraucht,https://www.ebay.com/itm/186617711789
Elden Ring (PS5) (NEU) (OVP) (Deutsche Verpackung),"49,80 ‚Ç¨",Brandneu,https://www.ebay.com/itm/386258616818
"Elden Ring (PS5, 2022)","32,43 ‚Ç¨",Neu (Sonstige),https://www.ebay.com/itm/176510541481
"Elden Ring (PS5, 2022)","35,00 ‚Ç¨",Neu (Sonstige),https://www.ebay.com/itm/145886742119
"Elden Ring (PS5, 2022) - Neu & eingeschwei√üt","45,99 ‚Ç¨",Brandneu,https://www.ebay.com/itm/315576178748
"Elden Ring (PS5, 2022) - Neu & eingeschwei√üt","45,99 ‚Ç¨",Brandneu,https://www.ebay.com/itm/315576178748
"Elden Ring (PS5, 2022) Playstation 5 Standard deutsche Verpackung NEU & OVP","51,99 ‚Ç¨",N/A,https://www.ebay.com/itm/296224833448
"Elden Ring (PS5, 2022) Playstation 5 Standard deutsche Verpackung NEU & OVP","51,99 ‚Ç¨",Brandneu,https://www.ebay.com/itm/296224833448
Elden Ring - 5x Items deiner Wahl (PS4/PS5),"3,99 ‚Ç¨",Brandneu,https://www.ebay.com/itm/145923959545
"Elden Ring - All Armor, Weapons, Talismans (PS4/PS5)","25,00 ‚Ç¨",Brandneu,https://www.ebay.com/itm/145923898066
Elden Ring - Braccio di Malenia (Arm of Malenia) - 3500 unit√† nel mondo - NUOVO,"649,99 ‚Ç¨",Brandneu,https://www.ebay.com/itm/135180556118
"Elden Ring - Launch Edition (PS5, 2022)  - neuwertig","39,99 ‚Ç¨",Neu (Sonstige),https://www.ebay.com/itm/266945123307
Elden Ring - Launch Edition Sony Playstation 5 PS5 gebraucht in OVP,"48,99 ‚Ç¨",Gebraucht,https://www.ebay.com/itm/115920905314
"Elden Ring - Launch Edition inkl. allem Zubeh√∂r sehr guter Zustand (PS5, 2022)","49,95 ‚Ç¨",Gebraucht,https://www.ebay.com/itm/176271689424
Elden Ring - PS4 Playstation 4 - NEU OVP,"51,90 ‚Ç¨",N/A,https://www.ebay.com/itm/393918382662
Elden Ring - PS4 Playstation 4 - NEU OVP,"51,90 ‚Ç¨",Brandneu,https://www.ebay.com/itm/393918382662
Elden Ring - PS5 - Neu OVP,"51,99 ‚Ç¨",Brandneu,https://www.ebay.com/itm/285971686922
Elden Ring - PS5 - Playstation 5 - NEU / OVP,"57,90 ‚Ç¨",Brandneu,https://www.ebay.com/itm/404880778369
Elden Ring - PS5 PlayStation 5 - NEU OVP - *Blitzversand*,"49,90 ‚Ç¨",Brandneu,https://www.ebay.com/itm/196498400381
Elden Ring - PS5 Playstation 5 (Disc Version) - NEU OVP,"44,90 ‚Ç¨",N/A,https://www.ebay.com/itm/353911236211
Elden Ring - PS5 Playstation 5 (Disc Version) - NEU OVP,"44,90 ‚Ç¨",Brandneu,https://www.ebay.com/itm/353911236211
Elden Ring - PlayStation 5 PS5 Neuwertig,"49,90 ‚Ç¨",Neu (Sonstige),https://www.ebay.com/itm/145934759105
Elden Ring - Shadow of the Erdtree Collectors Edition (PS5) BRANDNEU VERSIEGELT,"210,40 ‚Ç¨",Brandneu,https://www.ebay.com/itm/235676113707
Elden Ring - Shadow of the Erdtree Collectors Edition (PS5) BRANDNEU VERSIEGELT,"219,53 ‚Ç¨",Brandneu,https://www.ebay.com/itm/355903076432
"Elden Ring - Shadow of the Erdtree Edition - [PS5] ""NEU & OVP""","59,99 ‚Ç¨",Brandneu,https://www.ebay.com/itm/276590001458
Elden Ring - Shadow of the Erdtree Messmer The Impaler Helmet Helm /9999 LIMITED,"213,00 ‚Ç¨",Brandneu,https://www.ebay.com/itm/116278686121
Elden Ring - Shadow of the Erdtree Messmer The Impaler Helmet Helm /9999 LIMITED,"349,00 ‚Ç¨",Brandneu,https://www.ebay.com/itm/166833126658
Elden Ring - Shadow of the Erdtree Messmer The Impaler Helmet Helm Limitiert NEU,"259,99 ‚Ç¨",Brandneu,https://www.ebay.com/itm/266935847963
Elden Ring - und Shadow of Erdtree Collector Edition NEU und UNGE√ñFFNET,"777,00 ‚Ç¨",Brandneu,https://www.ebay.com/itm/335485957580
"Elden Ring 100,000,000 Runes XB1 / series XS","14,27 ‚Ç¨",Brandneu,https://www.ebay.com/itm/375571001456
"Elden Ring 200,000,000 Runes XB1 / series XS","28,55 ‚Ç¨",Brandneu,https://www.ebay.com/itm/375571002619
"Elden Ring 300,000,000 Runes XB1 / series XS","42,83 ‚Ç¨",Brandneu,https://www.ebay.com/itm/375571003258
Elden Ring 5min zusammen spielen PS4/PS5,"6,00 ‚Ç¨",Brandneu,https://www.ebay.com/itm/266915951020
Elden Ring All Items - Fast Delivery for PS4/PS5,"25,00 ‚Ç¨",Brandneu,https://www.ebay.com/itm/395548107755
Elden Ring Collectors Edition PS5 (2022) - Neu OVP unge√∂ffnet & versiegelt - Rar,"475,00 ‚Ç¨",Brandneu,https://www.ebay.com/itm/186584632094
Elden Ring Collectors Edition PS5 - NEU & OVP,"499,00 ‚Ç¨",Brandneu,https://www.ebay.com/itm/365045417320
Elden Ring Edition Steelbook Playstation Ps5 New Sealed Bandai Pal ESP PT,"149,99 ‚Ç¨",Brandneu,https://www.ebay.com/itm/256384464832
Elden Ring Gaming Video Spiel Playstation 5,"57,11 ‚Ç¨",Brandneu,https://www.ebay.com/itm/405119523258
Elden Ring Helm - Limited Shadow of the Erdtree Messmer The Impaler Helmet /9999,"284,99 ‚Ç¨",Brandneu,https://www.ebay.com/itm/375495090656
Elden Ring Limited Launch Edition +  Special Collectors Steelbook/Artbook  PS4,"245,00 ‚Ç¨",Neu (Sonstige),https://www.ebay.com/itm/266910464612
Elden Ring Limited Special Collectors Steelbook Edition PS4,"175,00 ‚Ç¨",Gebraucht,https://www.ebay.com/itm/266579344374
Elden Ring Limited Special Launch Edition PS5,"225,00 ‚Ç¨",Brandneu,https://www.ebay.com/itm/266529627047
Elden Ring Lunch Edition - PS5 PlayStation 5 Spiel - BLITZVERSAND,"74,90 ‚Ç¨",Neu (Sonstige),https://www.ebay.com/itm/404370792384
Elden Ring PS-4 PS4 Neu & OVP,"79,95 ‚Ç¨",N/A,https://www.ebay.com/itm/196049552461
Elden Ring PS4 - PS5 / Pack Runes 2 Billions / Fast delivery Level Max,"19,99 ‚Ç¨",Brandneu,https://www.ebay.com/itm/335515126282
Elden Ring PS4 Playstation 4 + PS5 Upgrade NEU OVP Game of the Year Goty USK,"46,90 ‚Ç¨",Brandneu,https://www.ebay.com/itm/404681226462
Elden Ring PS4/PS5 / Pack NEW +55M EXP !!! / Fast delivery !!,"4,99 ‚Ç¨",Brandneu,https://www.ebay.com/itm/176441521937
"Elden Ring PS4/PS5 Alle Waffen,R√ºstungen,talsimane,kriegsaschen,20 Mil Runen","20,00 ‚Ç¨",Brandneu,https://www.ebay.com/itm/256580426980
Elden Ring PS5,"40,00 ‚Ç¨",Brandneu,https://www.ebay.com/itm/176515069532
Elden Ring PS5,"41,19 ‚Ç¨",Neu (Sonstige),https://www.ebay.com/itm/365037824854
Elden Ring PS5 2022 Wata 9.4,"289,99 ‚Ç¨",Brandneu,https://www.ebay.com/itm/355798442176
Elden Ring PS5 NEU ~ Versiegelt - AUS Software/Bandai Namco US-Version,"54,42 ‚Ç¨",Brandneu,https://www.ebay.com/itm/375578382812
Elden Ring Premium Collectors Edition - PS5,"1.000,00 ‚Ç¨",Gebraucht,https://www.ebay.com/itm/204909211970
Elden Ring Premium Collectors Edition BEIDE Collectors Edition + BEIDE HELME PS5,"1.500,00 ‚Ç¨",Gebraucht,https://www.ebay.com/itm/204902471020
Elden Ring Premium Collectors Edition PS5 - 3074/6000,"899,00 ‚Ç¨",Gebraucht,https://www.ebay.com/itm/186603501565
Elden Ring Ps5,"39,99 ‚Ç¨",Neu (Sonstige),https://www.ebay.com/itm/145876411979
"Elden Ring Runen - PS4 / PS5 - 1,7 Milliarden Runes","30,00 ‚Ç¨",Brandneu,https://www.ebay.com/itm/387217393647
Elden Ring Runen - PS4 / PS5 - 300 Millionen Runes,"10,00 ‚Ç¨",Brandneu,https://www.ebay.com/itm/387219075573
Elden Ring Runen - PS4 / PS5 - 50 Millionen Runes,"5,00 ‚Ç¨",Brandneu,https://www.ebay.com/itm/387219068747
Elden Ring Runen - PS4 / PS5 - Alle Gegenst√§nde:R√ºstungen/Waffen/Talism√§ner Rune,"400,00 ‚Ç¨",Brandneu,https://www.ebay.com/itm/387274154617
Elden Ring Runes - 51 Millionen Fast Delivery for PS4/PS5,"10,00 ‚Ç¨",Brandneu,https://www.ebay.com/itm/395560191882
Elden Ring Runes - Maximum Level 713 Fast Delivery for PS4/PS5,"25,00 ‚Ç¨",Brandneu,https://www.ebay.com/itm/395548098408
Elden Ring SHADOW OF THE ERDTREE Collectors Edition PS5 Spiel Disc Ver. Limitiert,"207,66 ‚Ç¨",Brandneu,https://www.ebay.com/itm/315403337540
Elden Ring Shadow Of The Erdtree Edition PlayStation 5 PS5,"64,90 ‚Ç¨",Brandneu,https://www.ebay.com/itm/365057173636
"Elden Ring Shadow of The Erdtree (Sony PlayStation 5, 2024)","79,99 ‚Ç¨",Brandneu,https://www.ebay.com/itm/335523953501
Elden Ring Shadow of the Erdtree Collectors Edition PS4 Spiel Disk Ver Neu,"201,25 ‚Ç¨",Brandneu,https://www.ebay.com/itm/315636698935
Elden Ring Shadow of the Erdtree Collectors Edition PS5,"399,99 ‚Ç¨",Brandneu,https://www.ebay.com/itm/196483126345
Elden Ring Shadow of the Erdtree Collectors Edition PS5 ,"190,00 ‚Ç¨",Brandneu,https://www.ebay.com/itm/285913526818
Elden Ring Shadow of the Erdtree Collectors Edition PlayStation 5 PS5 - NEU OVP,"245,00 ‚Ç¨",Brandneu,https://www.ebay.com/itm/326222871697
Elden Ring Shadow of the Erdtree Edition - PS5 *NEU&OVP* - EU Version,"67,95 ‚Ç¨",Brandneu,https://www.ebay.com/itm/335448916480
Elden Ring Shadow of the Erdtree Messmer Figur Statue Neu aus der Collectors Ed.,"199,90 ‚Ç¨",Brandneu,https://www.ebay.com/itm/387276394822
Elden Ring Shadow of the Erdtree Messmer Helm Helmet OVP,"230,00 ‚Ç¨",Neu (Sonstige),https://www.ebay.com/itm/395568528720
Elden Ring Shadow of the Erdtree Messmer The Impaler Helmet Helm,"209,90 ‚Ç¨",Brandneu,https://www.ebay.com/itm/387225834424
Elden Ring Shadow of the Erdtree Messmer The Impaler Helmet Helm,"215,00 ‚Ç¨",Brandneu,https://www.ebay.com/itm/387230821012
Elden Ring Shadow of the Erdtree Messmer The Impaler Helmet Helm /9999 LIMITED,"289,99 ‚Ç¨",Brandneu,https://www.ebay.com/itm/355813376663
Elden Ring Shadow of the Erdtree Messmer The Impaler Helmet Helm Limitiert /9999,"249,00 ‚Ç¨",Brandneu,https://www.ebay.com/itm/156330841492
Elden Ring Shadow of the Erdtree Messmer The Impaler Helmet Helm Limitiert /9999,"349,00 ‚Ç¨",Brandneu,https://www.ebay.com/itm/276584976940
Elden Ring Shadow of the Erdtree PS4/PS5 / Pack NEW +55M EXP !!! / Fast delivery,"4,99 ‚Ç¨",Brandneu,https://www.ebay.com/itm/176458709739
Elden Ring Shadow of the Erdtree PS4/PS5 / Pack NEW +55M EXP !!! / Fast delivery,"4,99 ‚Ç¨",Brandneu,https://www.ebay.com/itm/176458709739
Elden Ring Steelbook PS4/PS5 Limited Collectors G2  Vorstellung Erdtree Rare,"59,99 ‚Ç¨",Neu (Sonstige),https://www.ebay.com/itm/405089246761
Elden Ring [Launch Edition],"47,85 ‚Ç¨",Gebraucht,https://www.ebay.com/itm/235684933891
Elden Ring [Launch Edition],"48,11 ‚Ç¨",Gebraucht,https://www.ebay.com/itm/335514184678
Elden Ring ps5 collectors edition NEU & OVP,"450,00 ‚Ç¨",Brandneu,https://www.ebay.com/itm/365039864488
Elden Ring | Limited Edition Steelbook Case kein Spiel,"41,37 ‚Ç¨",Brandneu,https://www.ebay.com/itm/235688684105
"Elden Ring | Ps5 | (PS5, 2022) | TOP | Blitzversand‚ö°Ô∏èüì¶","39,90 ‚Ç¨",Neu (Sonstige),https://www.ebay.com/itm/186496048501
Elden Ring | The Impaler Helm LIMITIERT | Verifizierter eBay Shop ‚úÖ,"279,00 ‚Ç¨",Brandneu,https://www.ebay.com/itm/176440467870
"Elden Ring: Collector's Edition (PlayStation 5, 2021) KEIN SPIEL","397,34 ‚Ç¨",Neu (Sonstige),https://www.ebay.com/itm/296625942238
Elden Ring: Schatten des Erdtree-Inhalts (PS5/PS4 PlayStation 5/4) ,"32,65 ‚Ç¨",Brandneu,https://www.ebay.com/itm/405110450258
"Elden Ring: Shadow of the Erdtree (Playstation 5, NEU)","69,90 ‚Ç¨",Brandneu,https://www.ebay.com/itm/405055398309
"Elden Ring: Shadow of the Erdtree Collector's Edition, PlayStation 5, NEU","200,00 ‚Ç¨",Brandneu,https://www.ebay.com/itm/296545282581
Elden Ring: Shadow of the Erdtree Edition (PS5) (NEU)(OVP) (Deutsche Verpackung),"79,95 ‚Ç¨",Brandneu,https://www.ebay.com/itm/387096407963
Elden Ring: Shadow of the Erdtree Edition (PS5/PlayStation 5) **GEBRAUCHTER CODE**,"65,25 ‚Ç¨",Neu (Sonstige),https://www.ebay.com/itm/395554380254
Elden ring Game and account at max level for PS5 (level 713) EN/FR,"400,00 ‚Ç¨",Brandneu,https://www.ebay.com/itm/375579077615
Elden ring PS4 PS5  X3 Armes am√©lior√©  a +25 Ou +10,"15,00 ‚Ç¨",Brandneu,https://www.ebay.com/itm/386927749358
KEIN SPIEL. Elden Ring - Sony PlayStation 5. Authentische Ersatzh√ºlle. PAL Region,"8,70 ‚Ç¨",Gebraucht,https://www.ebay.com/itm/326218242050
Lego Minifigs Factory Crucible Knight Elden Ring,"105,00 ‚Ç¨",Gebraucht,https://www.ebay.com/itm/365003264166
Messmer Statue Figur nur ELDEN RING Shadow of the Erdtree Collectors Edition ,"252,01 ‚Ç¨",Brandneu,https://www.ebay.com/itm/176436530467
Neu Elden Ring bewertet VGA 85 Sony PlayStation 5 versiegelt PS5 PS4 Wata CGC Spiel ,"244,93 ‚Ç¨",Brandneu,https://www.ebay.com/itm/305670658167
"Neues AngebotElden Ring (PS5, 2022)","35,00 ‚Ç¨",Neu (Sonstige),https://www.ebay.com/itm/315660787154
Neues AngebotElden Ring - Playstation 4,"64,22 ‚Ç¨",Brandneu,https://www.ebay.com/itm/226291756078
Neues AngebotElden Ring - Playstation 5,"81,63 ‚Ç¨",Brandneu,https://www.ebay.com/itm/226291758137
Neues AngebotElden Ring - Sony PlayStation 5 Ps5 brandneu,"47,89 ‚Ç¨",Brandneu,https://www.ebay.com/itm/276592674163
"Neues AngebotElden Ring 50,000,000 Runes XB1 / series XS","7,13 ‚Ç¨",Brandneu,https://www.ebay.com/itm/375588002752
Neues AngebotElden Ring Launch Edition  Sony Playstation PS5,"54,90 ‚Ç¨",Gebraucht,https://www.ebay.com/itm/355948789696
"Neues AngebotElden Ring Launch Edition (Sony PlayStation 4, PS4, 2022)","50,00 ‚Ç¨",Neu (Sonstige),https://www.ebay.com/itm/286009622722
"Neues AngebotElden Ring Launch Edition ,GTA Trilogy Und Dark soul (Sony PlayStation 4, PS4, )","60,00 ‚Ç¨",Gebraucht,https://www.ebay.com/itm/355951211226
Neues AngebotElden Ring SHADOW OF THE ERDTREE Collectors Edition PS5 Spiel Disc Ver.  LTD,"220,00 ‚Ç¨",Brandneu,https://www.ebay.com/itm/315661293716
"Neues AngebotElden Ring Shadow of The Erdtree (Sony PlayStation 5, 2024)","54,99 ‚Ç¨",Gebraucht,https://www.ebay.com/itm/387289967721
Neues AngebotElden Ring Shadow of the Erdtree - Collector's Edition (PS5) + Helm von Messmer,"583,68 ‚Ç¨",Gebraucht,https://www.ebay.com/itm/365062426431
Neues AngebotElden Ring Shadow of the Erdtree Messmer The Impaler Helmet Helm Limitiert /9999,"199,00 ‚Ç¨",Brandneu,https://www.ebay.com/itm/355947874700
Neues AngebotElden Ring [Launch Edition] | B-WARE PS4 Playstation 4,"69,99 ‚Ç¨",Neu (Sonstige),https://www.ebay.com/itm/405163353954
Neues AngebotPS5 Elden Ring Shadow Of The Erdtree,"60,00 ‚Ç¨",Brandneu,https://www.ebay.com/itm/395593399956
Neues Angebotps5 Spiele Lot Konvolut Elden Ring Jedi Survivor,"136,07 ‚Ç¨",Neu (Sonstige),https://www.ebay.com/itm/176523028050
Nur Kunstbuch ELDEN RING SCHATTEN DES ERDTREE Sammlerausgabe,"43,54 ‚Ç¨",Brandneu,https://www.ebay.com/itm/285998656901
PS4 ELDEN RING SCHATTEN DER ERDTREE EDITION Software begrenzte Menge Handbuch,"94,70 ‚Ç¨",Brandneu,https://www.ebay.com/itm/296513045024
PS4 ELDEN RING SHADOW OF THE ERDTREE EDITION Software Limited quantit Guide Book,"80,00 ‚Ç¨",Brandneu,https://www.ebay.com/itm/387209792129
PS4 ELDEN RING SHADOW OF THE ERDTREE EDITION Spiel Software Standard Edition,"93,62 ‚Ç¨",Brandneu,https://www.ebay.com/itm/186622930431
PS5 Elden Ring 2022 USK 16 NEU & SEALED,"49,99 ‚Ç¨",Brandneu,https://www.ebay.com/itm/176151442608
PS5 Elden Ring SHADOW OF THE ERDTREE Collector's Edition Physical Disk + Bonus ,"399,99 ‚Ç¨",Brandneu,https://www.ebay.com/itm/387273966698
PS5 Elden Ring Shadow of the Erdtree Collectors Edition BRANDNEU VERSIEGELT,"274,43 ‚Ç¨",Brandneu,https://www.ebay.com/itm/315607044408
PS5 Elden Ring Shadow of the Erdtree Collectors Edition PlayStation CE - NEU OVP,"248,00 ‚Ç¨",Neu (Sonstige),https://www.ebay.com/itm/156339446559
Playstation 5 Spiel Elden Ring Action-Rollenspiel PS5 Zustand: gut,"42,95 ‚Ç¨",Gebraucht,https://www.ebay.com/itm/395582965730
Soulsborne Sekiro Elden Ring Dark Souls 1 2 3 Ps4 Bloodborne Goty Edition Neu,"14,97 ‚Ç¨",Brandneu,https://www.ebay.com/itm/404748607041
UNGE√ñFFNETE Elden Ring SHADOW OF THE ERDTREE Collectors Edition...,"211,14 ‚Ç¨",Brandneu,https://www.ebay.com/itm/296625245717
Wie Neu! Elden Ring - Launch Edition,"49,90 ‚Ç¨",Neu (Sonstige),https://www.ebay.com/itm/266797508912
elden ring Shadow Of The Erdtree Collectors Edition,"240,00 ‚Ç¨",Brandneu,https://www.ebay.com/itm/365022536666
elden ring launch edition ps5,"180,00 ‚Ç¨",Brandneu,https://www.ebay.com/itm/315654596131
